t,f0_stdv,vcd2tot_frames,f0_mean,f0_max,seconds,eng_stdv,eng_max,eng_min,eng_mean,f0_min,f0_median
0,-1,0.0,-1,-1,0.2,0.373,0.273,-1.085,-0.502,-1,-1
0.1,0.887,0.087,623.68,624.308,0.2,17.363,37.284,-1.059,15.612,623.053,623.68
0.2,-1,0.043,624.562,624.562,0.2,6.816,37.159,19.444,26.954,624.562,624.562
0.30000000000000004,89.192,0.304,334.304,406.357,0.2,1.976,22.397,14.966,19.992,238.772,405.057
0.4,2.55,0.087,425.441,427.243,0.2,9.455,37.955,6.297,18.499,423.638,425.441
0.5,-1,0.0,-1,-1,0.2,10.564,49.421,8.943,24.556,-1,-1
0.6,7.243,0.565,210.681,221.015,0.2,20.505,69.221,15.512,54.814,197.38,209.302
0.7,4.22,1.0,209.443,217.201,0.2,1.606,71.245,65.843,69.314,197.305,209.777
0.7999999999999999,22.711,1.0,233.345,271.993,0.2,2.724,75.681,66.669,71.48,209.786,235.244
0.8999999999999999,17.493,1.0,273.577,298.665,0.2,1.979,78.236,71.266,75.651,244.49,276.741
0.9999999999999999,6.559,1.0,294.12,304.13,0.2,1.514,79.095,73.622,77.519,279.163,295.2
1.0999999999999999,12.216,0.696,294.259,304.215,0.2,11.519,78.526,47.156,62.098,251.66,297.355
1.2,36.534,0.783,227.653,298.553,0.2,11.447,76.474,47.187,67.721,195.329,210.154
1.3,7.301,1.0,194.283,210.515,0.2,0.911,76.783,73.933,75.689,185.209,192.023
1.4000000000000001,2.479,1.0,187.616,191.805,0.2,7.665,76.983,54.602,71.137,182.16,186.951
1.5000000000000002,6.492,0.957,190.972,212.876,0.2,9.438,75.94,50.27,63.455,181.341,189.68
1.6000000000000003,8.935,1.0,204.747,221.899,0.2,2.694,81.19,72.987,77.754,188.217,206.208
1.7000000000000004,3.424,1.0,213.99,218.281,0.2,1.899,81.287,76.414,78.965,206.538,214.541
1.8000000000000005,10.232,1.0,205.29,218.445,0.2,1.609,76.894,72.47,75.088,185.909,205.445
1.9000000000000006,6.68,1.0,189.94,205.892,0.2,8.077,76.097,51.907,69.414,182.32,187.333
2.0000000000000004,14.526,0.652,197.74,219.72,0.2,10.864,77.605,48.747,62.094,181.85,188.583
2.1000000000000005,16.008,0.913,227.919,255.614,0.2,2.771,81.729,71.787,77.121,195.561,230.792
2.2000000000000006,18.194,1.0,261.347,291.955,0.2,4.556,85.007,70.751,80.835,234.735,267.148
2.3000000000000007,7.539,0.87,283.821,294.271,0.2,10.704,85.03,53.029,74.886,271.196,285.887
2.400000000000001,4.318,0.478,288.57,294.187,0.2,7.747,69.165,42.428,50.812,279.657,288.709
2.500000000000001,181.157,0.217,310.42,511.368,0.2,13.443,73.287,34.819,54.082,175.442,181.994
2.600000000000001,123.146,0.826,230.942,512.55,0.2,2.852,75.733,66.332,73.044,174.782,179.409
2.700000000000001,0.938,1.0,178.456,179.799,0.2,0.309,75.828,74.736,75.505,176.436,178.673
2.800000000000001,0.728,1.0,177.38,178.586,0.2,0.715,75.734,73.521,74.521,176.005,177.306
2.9000000000000012,2.841,1.0,176.498,181.394,0.2,2.064,74.17,67.756,72.335,170.749,176.774
3.0000000000000013,8.105,1.0,182.056,199.599,0.2,3.068,73.194,63.615,69.242,171.087,180.04
3.1000000000000014,6.943,1.0,192.069,200.713,0.2,4.921,80.183,63.377,73.456,180.075,193.868
3.2000000000000015,5.043,1.0,188.976,200.171,0.2,1.648,80.161,75.124,76.494,184.088,186.212
3.3000000000000016,1.94,0.522,184.177,186.096,0.2,11.302,76.111,45.934,64.068,179.535,184.529
3.4000000000000017,1.668,0.174,189.646,191.189,0.2,11.147,74.775,38.406,51.186,187.655,189.87
3.5000000000000018,3.785,0.739,184.456,191.404,0.2,7.372,75.846,48.784,69.262,177.365,184.411
3.600000000000002,2.042,0.913,182.771,185.945,0.2,7.791,72.2,51.306,62.51,178.353,183.468
3.700000000000002,5.08,0.739,184.623,194.041,0.2,7.091,71.385,47.874,53.771,174.759,184.537
3.800000000000002,4.91,0.739,175.331,192.544,0.2,7.279,71.912,47.9,67.602,169.174,174.947
3.900000000000002,10.378,1.0,182.468,198.745,0.2,2.925,74.927,65.175,69.756,168.215,179.362
4.000000000000002,10.9,1.0,202.674,223.506,0.2,3.568,81.64,70.638,77.833,181.414,203.593
4.100000000000001,20.509,1.0,231.934,262.174,0.2,1.341,84.071,80.119,81.746,203.521,228.764
4.200000000000001,9.428,1.0,254.808,265.843,0.2,1.868,82.518,75.552,80.632,237.665,257.756
4.300000000000001,29.371,1.0,223.281,264.37,0.2,1.967,81.115,75.581,78.113,174.848,222.764
4.4,10.508,0.783,190.356,212.13,0.2,9.441,80.528,53.66,67.747,168.689,192.01
4.5,9.544,0.87,177.862,195.508,0.2,5.612,73.217,53.485,67.378,160.664,177.155
4.6,4.269,0.87,178.437,184.344,0.2,4.806,73.953,57.994,67.977,167.604,178.801
4.699999999999999,2.414,0.783,177.693,184.287,0.2,8.497,77.15,51.416,67.184,174.253,177.195
4.799999999999999,9.162,0.609,185.042,196.327,0.2,8.605,73.371,50.224,62.088,174.326,183.872
4.899999999999999,2.902,0.826,192.214,196.791,0.2,4.83,78.692,61.654,73.794,187.835,192.542
4.999999999999998,3.677,1.0,186.518,192.993,0.2,2.063,77.444,68.974,75.455,180.183,185.499
5.099999999999998,1.669,0.522,183.111,185.481,0.2,11.635,75.903,46.397,57.58,180.267,182.892
5.1999999999999975,5.044,0.522,194.754,203.98,0.2,12.058,77.093,46.822,63.006,187.564,193.627
5.299999999999997,4.357,1.0,193.333,200.419,0.2,3.928,80.12,66.608,74.168,183.932,193.171
5.399999999999997,5.169,0.783,187.838,196.488,0.2,9.564,80.129,54.389,69.298,180.846,185.972
5.4999999999999964,6.538,0.739,177.046,189.68,0.2,8.013,77.012,53.933,63.71,167.981,175.18
5.599999999999996,67.882,0.522,191.724,407.149,0.2,9.367,72.336,40.409,51.436,167.583,171.946
5.699999999999996,3.705,0.522,182.901,188.046,0.2,12.377,72.504,40.403,58.29,172.67,182.952
5.799999999999995,1.247,1.0,183.69,186.405,0.2,1.389,74.442,70.567,73.191,181.565,183.859
5.899999999999995,1.653,1.0,185.819,187.899,0.2,0.254,74.591,73.836,74.3,182.98,186.3
5.999999999999995,3.627,1.0,190.017,196.877,0.2,0.553,75.046,72.963,74.317,186.739,187.731
6.099999999999994,5.462,1.0,191.567,196.936,0.2,8.132,75.041,49.101,68.319,177.628,193.124
6.199999999999994,7.844,0.652,192.581,201.181,0.2,12.124,75.008,43.557,62.38,176.558,195.596
6.299999999999994,61.295,0.957,209.276,483.479,0.2,1.184,77.832,74.875,76.302,192.158,196.131
6.399999999999993,6.064,1.0,188.065,195.393,0.2,1.556,77.821,73.723,75.587,177.675,189.594
6.499999999999993,3.92,0.957,178.494,185.872,0.2,7.056,74.399,53.137,68.545,171.48,177.693
6.5999999999999925,5.112,0.826,171.639,180.472,0.2,7.976,70.067,46.822,61.323,161.586,172.738
6.699999999999992,138.717,0.87,245.62,488.68,0.2,10.07,69.993,40.475,58.157,162.92,169.34
6.799999999999992,22.238,0.696,170.011,188.451,0.2,11.128,78.358,40.692,66.904,106.118,179.465
6.8999999999999915,3.063,1.0,178.161,183.798,0.2,4.535,78.139,63.611,68.016,172.385,179.021
6.999999999999991,2.577,1.0,177.158,184.298,0.2,3.479,74.55,62.865,71.435,174.606,176.757
7.099999999999991,0.651,1.0,175.524,176.934,0.2,0.959,74.499,71.683,72.549,174.59,175.367
7.19999999999999,1.378,0.739,174.971,178.078,0.2,12.851,71.897,39.087,58.682,172.648,175.278
7.29999999999999,2.489,0.913,171.806,177.337,0.2,12.86,69.298,36.802,55.635,167.836,171.31
7.39999999999999,4.069,0.913,169.96,180.985,0.2,9.74,69.26,42.967,60.889,160.265,169.96
7.499999999999989,80.969,0.739,236.903,365.42,0.2,11.983,71.542,39.842,59.286,173.368,183.963
7.599999999999989,10.285,1.0,187.617,209.651,0.2,4.963,80.226,59.355,71.248,173.748,185.683
7.699999999999989,9.333,1.0,200.692,214.174,0.2,6.349,81.898,59.255,77.513,176.886,201.379
7.799999999999988,11.043,1.0,217.476,241.191,0.2,1.896,81.911,75.618,79.88,200.104,216.888
7.899999999999988,10.377,0.87,236.815,246.975,0.2,9.616,80.235,49.522,68.805,219.031,242.706
7.999999999999988,1.479,0.478,245.791,248.387,0.2,15.3,62.514,12.78,39.229,243.438,246.307
8.099999999999987,29.628,0.304,362.782,403.844,0.2,10.014,45.152,14.408,37.534,322.726,378.248
8.199999999999987,-1,0.0,-1,-1,0.2,0.988,45.085,41.735,43.264,-1,-1
8.299999999999986,5.565,0.304,387.225,394.023,0.2,3.167,43.007,34.116,38.714,379.101,387.682
8.399999999999986,-1,0.0,-1,-1,0.2,13.23,51.424,3.713,26.568,-1,-1
8.499999999999986,7.202,0.609,183.078,191.493,0.2,26.514,80.839,2.839,57.569,165.657,186.425
8.599999999999985,5.833,1.0,192.489,201.036,0.2,2.551,80.893,73.704,76.624,184.464,191.084
8.699999999999985,3.339,1.0,196.138,200.356,0.2,2.169,80.23,74.146,77.248,190.955,196.188
8.799999999999985,7.279,1.0,202.119,212.869,0.2,1.023,81.552,78.64,80.577,191.139,202.804
8.899999999999984,2.743,1.0,209.184,212.889,0.2,1.368,81.915,78.236,80.185,202.863,210.209
8.999999999999984,4.989,1.0,203.882,211.36,0.2,1.786,78.82,73.589,77.173,194.267,203.563
9.099999999999984,5.032,0.826,199.391,205.932,0.2,10.351,76.147,47.465,65.299,187.04,201.013
9.199999999999983,6.119,0.783,190.783,203.766,0.2,11.888,80.133,46.121,67.853,181.833,189.903
9.299999999999983,5.34,1.0,191.903,201.173,0.2,2.251,80.507,72.556,77.065,182.572,190.917
9.399999999999983,4.481,1.0,194.453,201.136,0.2,4.824,78.377,61.878,72.283,182.645,194.399
9.499999999999982,6.056,0.826,187.553,197.331,0.2,9.864,77.994,48.364,66.754,171.27,188.823
9.599999999999982,5.528,0.826,186.479,197.075,0.2,9.441,77.865,48.133,66.841,176.845,184.939
9.699999999999982,5.673,0.652,189.933,196.848,0.2,13.041,72.092,37.676,56.755,180.057,192.442
9.799999999999981,131.429,0.609,271.017,588.275,0.2,15.667,75.008,37.647,58.859,212.572,219.775
9.89999999999998,7.914,1.0,227.611,237.503,0.2,2.645,75.037,64.119,71.648,214.818,230.899
9.99999999999998,3.489,1.0,234.547,240.586,0.2,8.249,79.263,54.504,68.922,227.748,235.055
10.09999999999998,14.811,1.0,221.105,240.363,0.2,2.517,79.256,72.255,75.086,194.165,226.499
10.19999999999998,11.441,1.0,196.985,221.85,0.2,6.577,78.162,57.47,70.323,179.127,195.932
10.29999999999998,15.703,1.0,198.862,226.656,0.2,7.966,74.466,51.874,63.39,178.288,194.156
10.399999999999979,9.731,1.0,222.633,238.271,0.2,2.273,75.361,68.36,72.369,200.289,224.759
10.499999999999979,6.116,1.0,232.266,240.822,0.2,4.551,72.127,56.37,67.805,223.785,234.501
10.599999999999978,4.359,0.652,232.008,239.491,0.2,11.891,79.794,45.284,61.89,225.338,233.177
10.699999999999978,5.732,0.87,232.719,242.009,0.2,3.638,80.041,69.173,76.485,220.147,233.479
10.799999999999978,8.721,1.0,223.715,241.87,0.2,6.192,81.327,62.937,72.148,213.348,220.164
10.899999999999977,2.264,1.0,219.348,223.177,0.2,4.253,81.314,69.288,75.018,214.695,219.551
10.999999999999977,4.999,1.0,215.85,224.275,0.2,2.006,76.489,69.324,74.348,206.907,216.567
11.099999999999977,2.086,1.0,210.527,214.518,0.2,2.211,76.45,70.702,72.804,206.736,210.67
11.199999999999976,4.442,1.0,215.128,220.783,0.2,1.238,73.668,69.741,71.78,206.87,215.029
11.299999999999976,3.555,1.0,217.763,224.825,0.2,3.71,72.067,60.076,68.255,209.54,218.209
11.399999999999975,2.543,1.0,215.7,219.951,0.2,2.328,73.515,66.691,71.02,209.384,215.952
11.499999999999975,6.59,1.0,221.631,233.651,0.2,1.898,76.948,71.539,74.496,212.082,219.781
11.599999999999975,7.194,1.0,234.885,242.681,0.2,1.344,79.771,75.777,78.066,219.187,237.558
11.699999999999974,7.691,1.0,247.644,265.402,0.2,4.176,78.945,66.007,76.537,239.85,245.415
11.799999999999974,6.859,0.609,254.082,264.619,0.2,15.4,78.74,27.978,54.597,244.784,253.744
11.899999999999974,36.746,0.391,212.084,263.346,0.2,15.315,54.147,6.154,30.769,185.59,189.181
11.999999999999973,8.081,0.783,196.784,213.023,0.2,13.309,74.899,35.111,63.165,185.508,197.054
12.099999999999973,12.883,1.0,184.845,204.88,0.2,4.225,75.283,63.504,69.96,167.604,183.832
12.199999999999973,5.405,0.913,169.861,178.069,0.2,10.605,75.223,47.22,62.59,157.876,169.789
12.299999999999972,30.875,0.391,503.691,535.611,0.2,19.395,51.138,0.632,26.326,460.343,526.86
12.399999999999972,4.652,0.174,157.348,162.435,0.2,30.764,70.965,-0.103,31.931,151.064,158.347
12.499999999999972,202.255,0.391,369.912,553.674,0.2,11.099,70.958,38.602,60.469,148.548,524.634
12.599999999999971,-1,0.0,-1,-1,0.2,17.974,53.897,0.952,24.552,-1,-1
12.69999999999997,2.985,0.174,738.447,740.942,0.2,3.333,11.014,-0.63,2.011,734.631,739.0
12.79999999999997,13.279,0.696,743.586,781.173,0.2,13.504,34.492,-0.688,21.504,733.237,739.484
12.89999999999997,13.275,1.0,745.998,786.687,0.2,5.012,34.229,14.923,25.067,732.98,741.564
12.99999999999997,6.637,0.522,738.996,754.474,0.2,9.591,25.226,-1.005,9.706,729.875,738.117
13.09999999999997,3.938,0.174,220.203,224.377,0.2,32.242,76.172,-0.922,33.277,214.871,220.782
13.199999999999969,11.642,0.739,232.52,259.591,0.2,3.428,78.458,68.648,74.183,219.879,230.806
13.299999999999969,27.854,1.0,268.198,303.098,0.2,4.614,82.011,68.455,76.046,227.391,269.846
13.399999999999968,9.197,1.0,290.375,303.134,0.2,2.74,82.048,72.494,79.961,274.239,290.085
13.499999999999968,6.908,0.739,277.22,289.304,0.2,13.123,81.088,43.842,68.051,268.045,277.628
13.599999999999968,5.804,0.348,265.084,271.383,0.2,13.833,77.918,33.493,49.789,254.898,266.501
13.699999999999967,5.702,0.739,264.121,272.687,0.2,10.478,81.126,41.819,74.498,255.615,263.905
13.799999999999967,5.587,0.739,264.785,272.899,0.2,12.446,81.112,47.987,64.883,251.832,265.013
13.899999999999967,5.748,0.478,263.461,272.634,0.2,9.29,53.039,27.219,39.455,254.036,263.223
13.999999999999966,11.985,0.174,547.974,559.919,0.2,12.949,69.617,26.696,39.298,531.448,550.305
14.099999999999966,43.912,0.696,166.562,221.967,0.2,12.898,77.078,35.463,67.568,97.611,192.757
14.199999999999966,5.741,1.0,194.316,209.614,0.2,0.977,77.501,74.456,75.915,189.707,191.591
14.299999999999965,0.791,1.0,190.255,191.496,0.2,0.533,75.694,74.314,74.923,189.042,190.316
14.399999999999965,0.718,1.0,189.379,190.358,0.2,0.226,74.808,73.875,74.46,187.04,189.416
14.499999999999964,4.705,1.0,184.056,189.508,0.2,5.86,74.815,60.167,68.274,177.349,183.431
14.599999999999964,14.556,1.0,193.893,216.81,0.2,9.759,83.124,60.163,71.161,177.39,195.912
14.699999999999964,6.334,0.522,207.847,217.204,0.2,11.799,82.992,46.472,66.905,199.103,206.791
14.799999999999963,-1,0.0,-1,-1,0.2,9.621,63.992,30.457,44.722,-1,-1
14.899999999999963,3.013,0.565,230.108,234.536,0.2,19.395,80.728,31.184,67.889,225.528,230.399
14.999999999999963,7.07,1.0,236.928,247.645,0.2,2.81,81.243,71.828,78.244,226.104,234.423
15.099999999999962,2.283,0.87,245.257,247.747,0.2,9.604,77.914,49.501,67.129,240.696,245.964
15.199999999999962,1.627,0.522,246.65,250.666,0.2,6.562,60.831,40.22,46.506,244.818,246.418
15.299999999999962,-1,0.0,-1,-1,0.2,1.208,40.892,36.846,39.314,-1,-1
15.399999999999961,183.042,0.522,643.958,864.234,0.2,5.212,39.04,19.654,32.353,329.564,606.411
15.499999999999961,90.032,0.957,778.796,874.116,0.2,6.851,30.627,7.671,19.814,550.258,816.893
15.59999999999996,-1,0.0,-1,-1,0.2,15.848,42.608,0.482,17.51,-1,-1
15.69999999999996,2.723,0.174,228.147,230.518,0.2,12.646,76.984,30.899,49.896,224.222,228.925
15.79999999999996,8.864,0.739,230.86,249.712,0.2,9.237,81.246,47.852,74.806,221.698,227.566
15.89999999999996,34.911,1.0,267.914,327.183,0.2,2.011,80.145,71.831,76.857,225.307,257.008
15.99999999999996,17.666,1.0,319.938,337.322,0.2,2.893,85.682,76.616,80.868,273.845,326.539
16.09999999999996,12.547,1.0,318.249,337.178,0.2,1.195,84.818,79.824,81.222,298.29,320.211
16.19999999999996,11.277,1.0,294.687,314.916,0.2,2.151,86.316,79.905,82.885,276.446,295.12
16.29999999999996,9.971,1.0,274.193,290.708,0.2,3.548,86.293,71.497,83.03,257.489,273.305
16.399999999999963,74.774,1.0,207.869,285.226,0.2,8.327,84.166,59.255,69.307,106.608,256.94
16.499999999999964,52.356,0.913,166.239,238.408,0.2,8.286,71.216,48.121,63.214,103.147,206.912
16.599999999999966,6.458,0.652,219.874,235.058,0.2,12.695,79.0,48.24,64.333,207.966,221.315
16.699999999999967,3.02,0.652,220.339,223.119,0.2,11.681,78.994,50.004,63.736,212.83,221.32
16.79999999999997,7.186,0.609,222.09,237.281,0.2,12.995,81.708,50.076,69.522,214.116,219.605
16.89999999999997,4.655,1.0,217.003,224.771,0.2,3.825,81.662,68.157,74.794,204.931,216.973
16.99999999999997,4.167,1.0,214.9,222.454,0.2,3.62,80.365,68.39,76.202,206.127,214.644
17.099999999999973,2.532,1.0,214.507,219.213,0.2,1.411,79.451,75.729,77.785,209.91,214.612
17.199999999999974,3.229,1.0,215.999,220.663,0.2,0.351,79.46,78.183,78.862,211.489,215.049
17.299999999999976,3.259,1.0,217.158,225.723,0.2,2.223,84.899,78.732,81.162,213.08,217.119
17.399999999999977,2.203,1.0,212.819,217.066,0.2,0.751,83.955,81.826,82.843,207.596,213.303
17.49999999999998,4.133,0.87,207.43,213.042,0.2,10.578,83.903,52.914,74.993,198.555,207.367
17.59999999999998,4.386,0.87,198.396,208.145,0.2,8.949,79.427,52.913,69.34,190.98,197.562
17.69999999999998,2.506,1.0,195.724,202.135,0.2,2.324,81.014,73.868,77.179,190.114,196.264
17.799999999999983,1.76,0.826,196.208,201.357,0.2,10.444,81.033,52.644,70.338,194.048,195.958
17.899999999999984,35.63,0.609,241.364,273.439,0.2,15.78,87.024,44.317,66.753,194.286,265.184
17.999999999999986,3.807,1.0,268.544,283.224,0.2,2.558,87.046,77.951,84.838,263.184,267.967
18.099999999999987,3.294,1.0,266.306,272.733,0.2,2.044,86.362,77.891,82.713,261.592,265.388
18.19999999999999,1.347,1.0,264.37,266.607,0.2,0.351,82.569,81.439,82.149,261.822,264.473
18.29999999999999,1.978,1.0,264.933,267.154,0.2,1.111,82.514,78.242,81.614,259.344,265.54
18.39999999999999,80.52,0.826,292.085,481.387,0.2,6.724,81.933,60.897,73.117,237.315,264.905
18.499999999999993,79.843,0.957,415.766,479.437,0.2,3.334,68.713,55.273,63.607,180.177,422.381
18.599999999999994,4.806,0.652,182.418,192.76,0.2,4.69,76.275,64.052,71.96,177.105,182.132
18.699999999999996,3.098,1.0,182.438,188.108,0.2,2.013,76.187,69.51,73.235,177.63,183.116
18.799999999999997,2.77,1.0,186.118,190.251,0.2,1.494,78.487,73.151,75.392,182.06,186.019
18.9,1.05,1.0,188.799,190.362,0.2,1.329,80.365,75.51,78.888,185.667,189.051
19.0,1.291,0.739,188.818,192.328,0.2,6.19,81.173,60.934,76.428,185.647,188.626
19.1,2.694,0.174,189.121,192.225,0.2,11.551,76.003,40.771,53.494,185.517,189.536
19.200000000000003,3.455,0.478,190.501,196.579,0.2,16.045,77.846,40.797,61.903,185.263,190.991
19.300000000000004,2.731,1.0,188.111,192.872,0.2,3.71,77.832,64.947,74.125,182.833,187.598
19.400000000000006,1.447,1.0,188.151,190.32,0.2,2.139,76.586,70.431,73.685,185.162,188.431
19.500000000000007,6.144,1.0,182.434,190.292,0.2,5.18,76.235,60.451,70.918,170.814,182.564
19.60000000000001,3.37,0.652,176.641,182.096,0.2,8.427,67.094,43.844,54.846,170.69,176.369
19.70000000000001,72.153,0.739,204.434,397.249,0.2,10.858,72.405,43.537,56.544,166.21,180.349
19.80000000000001,6.094,0.826,175.842,185.473,0.2,9.737,71.373,44.557,59.092,163.085,177.119
19.900000000000013,4.604,0.87,173.161,179.0,0.2,5.511,72.718,51.976,63.684,163.459,174.795
20.000000000000014,3.993,0.826,171.851,178.546,0.2,8.259,76.205,52.296,64.277,166.909,170.157
20.100000000000016,4.373,1.0,175.065,180.71,0.2,5.832,74.326,55.436,65.213,166.769,176.181
20.200000000000017,40.75,0.696,195.591,286.471,0.2,8.993,66.136,42.636,55.768,173.236,177.443
20.30000000000002,6.104,0.696,283.97,290.319,0.2,13.54,79.682,42.668,68.138,270.581,286.901
20.40000000000002,3.988,1.0,286.724,290.684,0.2,2.612,79.703,70.954,75.206,273.779,287.796
20.50000000000002,9.553,0.739,281.582,290.65,0.2,9.746,80.073,48.25,65.731,257.507,285.435
20.600000000000023,4.385,0.826,282.03,290.037,0.2,10.007,81.515,49.124,74.544,276.664,281.997
20.700000000000024,4.399,1.0,279.436,285.264,0.2,6.515,79.296,58.137,71.442,270.83,278.989
20.800000000000026,64.184,1.0,311.73,482.815,0.2,3.023,67.787,56.113,60.906,258.98,279.19
20.900000000000027,193.369,0.957,416.876,716.14,0.2,6.857,76.392,59.021,69.4,183.412,368.059
21.00000000000003,218.254,0.652,372.851,713.871,0.2,13.264,76.223,39.452,60.529,182.897,194.348
21.10000000000003,6.717,0.652,181.19,195.894,0.2,10.52,72.829,38.557,62.132,168.81,179.874
21.20000000000003,13.216,1.0,179.709,229.118,0.2,4.722,71.307,56.826,64.355,157.249,177.744
21.300000000000033,5.305,1.0,173.966,180.256,0.2,7.382,72.711,50.269,66.491,160.147,176.458
21.400000000000034,6.03,0.739,177.859,185.661,0.2,8.528,70.983,45.909,60.275,165.381,177.122
21.500000000000036,3.825,1.0,182.752,189.071,0.2,4.752,76.046,60.529,71.817,172.527,183.253
21.600000000000037,22.899,0.957,174.839,185.278,0.2,2.034,76.051,70.298,73.768,100.177,181.509
21.70000000000004,282.392,0.783,568.695,808.439,0.2,7.883,72.295,47.828,66.609,179.319,740.091
21.80000000000004,110.138,0.652,634.266,781.923,0.2,12.676,72.383,33.676,56.06,498.796,552.352
21.90000000000004,183.641,0.913,311.526,552.819,0.2,2.484,72.921,64.27,70.548,168.249,173.673
22.000000000000043,1.697,1.0,169.26,174.112,0.2,1.505,72.358,66.198,68.074,166.915,169.073
22.100000000000044,2.111,1.0,166.381,169.59,0.2,0.68,67.849,65.521,66.492,163.233,167.124
22.200000000000045,0.819,1.0,164.055,165.073,0.2,0.775,68.595,66.09,67.779,162.426,164.122
22.300000000000047,0.878,1.0,164.32,166.028,0.2,0.364,68.561,67.071,67.877,163.021,164.233
22.40000000000005,151.298,0.957,243.895,540.399,0.2,1.464,67.984,62.592,65.93,152.068,165.26
22.50000000000005,151.238,0.565,418.037,593.584,0.2,9.813,65.042,35.36,54.052,157.165,457.025
22.60000000000005,9.036,0.565,178.283,188.548,0.2,13.257,77.679,36.045,57.197,160.658,180.225
22.700000000000053,4.017,1.0,180.422,188.56,0.2,3.355,77.716,65.966,72.617,173.51,179.568
22.800000000000054,10.789,0.957,177.167,214.232,0.2,6.133,73.437,54.11,67.138,162.267,177.994
22.900000000000055,10.91,1.0,175.617,216.776,0.2,7.969,76.367,53.882,69.706,162.599,174.369
23.000000000000057,7.756,1.0,183.445,195.186,0.2,3.327,81.315,68.537,76.592,172.946,180.559
23.10000000000006,4.95,1.0,194.073,202.768,0.2,2.193,82.964,73.743,81.257,181.653,193.208
23.20000000000006,17.798,1.0,211.596,253.4,0.2,0.904,82.953,79.617,81.757,191.758,204.094
23.30000000000006,22.484,0.957,250.514,272.869,0.2,7.185,82.196,59.357,76.259,209.919,261.475
23.400000000000063,3.659,0.391,269.587,273.281,0.2,14.922,76.963,28.175,48.786,261.436,270.737
23.500000000000064,-1,0.0,-1,-1,0.2,9.038,55.067,28.262,45.195,-1,-1
23.600000000000065,-1,0.0,-1,-1,0.2,1.946,55.099,47.585,51.24,-1,-1
23.700000000000067,-1,0.0,-1,-1,0.2,7.231,50.951,25.075,43.57,-1,-1
23.800000000000068,4.223,0.261,188.153,192.461,0.2,22.473,78.387,18.009,43.807,181.435,189.121
23.90000000000007,16.651,0.87,202.058,232.897,0.2,5.844,83.058,63.923,75.937,178.533,201.728
24.00000000000007,5.125,1.0,219.194,232.776,0.2,5.325,83.101,69.18,77.277,210.238,219.393
24.100000000000072,15.508,1.0,220.8,258.177,0.2,6.406,76.27,54.691,65.714,203.718,217.254
24.200000000000074,15.011,0.87,252.515,264.146,0.2,9.108,86.581,55.307,75.929,204.53,258.333
24.300000000000075,1.875,1.0,260.217,263.965,0.2,5.209,86.579,72.426,79.154,257.0,260.001
24.400000000000077,10.392,1.0,253.616,261.24,0.2,5.051,74.011,59.408,69.687,227.218,259.276
24.500000000000078,13.81,1.0,248.276,266.509,0.2,9.986,82.18,58.044,69.673,222.673,255.538
24.60000000000008,2.868,1.0,259.259,263.085,0.2,1.303,82.179,77.041,80.952,253.044,259.6
24.70000000000008,13.542,1.0,246.724,262.444,0.2,6.343,81.859,64.192,71.711,225.671,247.798
24.800000000000082,6.63,1.0,228.095,244.537,0.2,6.504,81.203,63.992,73.23,219.871,226.22
24.900000000000084,2.343,1.0,224.768,230.437,0.2,2.56,79.254,70.689,75.252,219.663,224.089
25.000000000000085,1.951,1.0,224.202,227.78,0.2,2.157,79.383,72.582,76.481,220.778,223.935
25.100000000000087,2.483,1.0,225.681,229.077,0.2,1.883,77.1,69.268,71.944,220.94,226.172
25.200000000000088,4.654,1.0,232.596,238.466,0.2,0.945,73.884,71.525,72.603,226.295,232.641
25.30000000000009,4.406,1.0,240.921,249.507,0.2,1.521,77.184,72.839,74.283,235.978,238.797
25.40000000000009,3.282,1.0,247.014,251.02,0.2,0.956,79.467,75.617,77.138,238.536,247.287
25.500000000000092,3.11,1.0,245.066,250.531,0.2,3.328,82.401,70.823,78.495,238.643,245.501
25.600000000000094,6.58,1.0,235.681,248.406,0.2,3.717,83.564,70.863,79.509,228.382,234.971
25.700000000000095,3.668,1.0,229.875,235.351,0.2,3.505,81.517,70.047,77.293,222.118,229.46
25.800000000000097,19.511,1.0,212.464,235.334,0.2,3.526,79.701,69.728,74.645,182.735,222.409
25.900000000000098,12.482,1.0,180.409,211.358,0.2,4.638,79.671,65.895,73.824,167.314,176.393
26.0000000000001,3.414,0.913,167.177,175.363,0.2,9.184,75.005,48.419,64.103,161.916,166.752
26.1000000000001,1.134,0.348,163.929,165.419,0.2,14.201,55.357,15.223,33.493,162.116,163.863
26.200000000000102,2.207,0.348,157.185,160.717,0.2,23.795,69.699,15.515,44.304,154.339,156.433
26.300000000000104,106.192,0.565,186.141,539.5,0.2,17.435,69.413,20.103,49.024,152.974,156.723
26.400000000000105,0.213,0.087,155.101,155.252,0.2,8.266,36.93,5.983,18.075,154.951,155.101
26.500000000000107,5.176,0.522,737.974,750.248,0.2,11.415,39.214,6.23,20.212,733.035,736.571
26.600000000000108,60.997,0.87,720.4,751.41,0.2,6.006,46.783,24.46,40.202,541.716,738.441
26.70000000000011,126.675,0.652,581.824,745.918,0.2,10.219,46.562,11.268,34.102,430.168,548.967
26.80000000000011,-1,0.0,-1,-1,0.2,10.88,30.491,0.255,10.578,-1,-1
26.900000000000112,2.666,0.391,208.544,211.502,0.2,30.299,78.169,0.341,50.964,204.653,209.296
27.000000000000114,8.423,1.0,209.366,219.478,0.2,1.692,80.348,75.157,78.061,175.343,209.404
27.100000000000115,6.994,1.0,213.902,221.321,0.2,1.709,79.378,71.93,75.347,195.802,215.848
27.200000000000117,8.316,1.0,210.066,221.3,0.2,3.529,77.832,64.979,73.127,194.13,210.55
27.300000000000118,4.659,1.0,208.666,216.257,0.2,2.504,81.354,71.615,78.253,201.947,207.408
27.40000000000012,2.424,1.0,206.282,210.372,0.2,1.435,83.617,78.723,80.691,203.007,205.459
27.50000000000012,4.797,0.826,210.232,219.905,0.2,7.975,83.717,61.569,75.983,203.301,209.227
27.600000000000122,43.007,0.435,245.195,303.108,0.2,3.706,72.868,57.451,64.188,205.925,216.213
27.700000000000124,5.28,0.739,308.224,314.016,0.2,9.689,83.804,57.879,76.367,296.64,309.119
27.800000000000125,7.59,1.0,303.453,313.954,0.2,0.883,86.084,83.072,83.975,289.24,306.014
27.900000000000126,6.162,1.0,289.563,301.399,0.2,1.503,86.972,82.512,84.808,282.597,287.057
28.000000000000128,4.754,0.826,280.631,285.643,0.2,11.681,83.459,52.786,72.831,270.314,282.144
28.10000000000013,4.374,0.261,277.392,282.397,0.2,4.973,63.381,45.197,50.584,270.699,277.943
28.20000000000013,178.292,0.478,378.712,513.939,0.2,15.155,79.22,45.172,64.603,103.209,463.496
28.300000000000132,146.111,0.957,267.613,517.279,0.2,4.153,79.216,67.437,72.782,90.275,205.006
28.400000000000134,7.84,1.0,206.58,217.988,0.2,2.662,76.434,67.443,72.189,191.122,208.81
28.500000000000135,6.194,1.0,218.278,227.486,0.2,1.339,76.366,71.341,74.117,207.761,216.824
28.600000000000136,3.447,1.0,222.354,227.475,0.2,1.462,78.824,73.886,75.111,216.13,223.198
28.700000000000138,2.356,1.0,218.226,223.269,0.2,2.204,80.765,74.309,78.143,214.825,218.28
28.80000000000014,2.885,0.739,216.614,219.668,0.2,11.671,79.205,48.232,63.835,209.427,217.711
28.90000000000014,12.259,0.739,205.492,227.128,0.2,11.843,76.177,48.285,63.006,191.791,203.311
29.000000000000142,5.226,1.0,191.952,204.604,0.2,2.344,80.472,71.396,74.438,185.639,191.268
29.100000000000144,2.72,0.783,189.574,193.526,0.2,5.842,81.714,61.966,74.559,185.441,190.521
29.200000000000145,1.823,0.261,190.325,191.89,0.2,10.306,72.549,42.304,54.658,187.363,191.124
29.300000000000146,7.502,0.609,190.352,208.715,0.2,12.757,74.675,42.075,62.373,178.881,188.911
29.400000000000148,5.778,1.0,181.493,189.671,0.2,4.171,74.535,61.005,69.948,173.586,182.55
29.50000000000015,2.1,1.0,174.817,180.469,0.2,0.519,72.415,70.559,71.453,172.582,174.422
29.60000000000015,18.087,1.0,189.357,221.772,0.2,0.946,73.389,69.958,72.06,172.634,179.89
29.700000000000152,33.253,1.0,242.007,289.243,0.2,4.984,83.135,70.1,76.133,190.368,241.259
29.800000000000153,9.068,1.0,285.159,293.303,0.2,0.762,83.147,80.914,82.072,266.641,290.138
29.900000000000155,4.137,1.0,288.595,293.358,0.2,0.408,83.024,81.616,82.356,279.556,290.249
30.000000000000156,2.988,1.0,281.784,287.257,0.2,0.478,83.209,81.697,82.457,278.726,280.279
30.100000000000158,3.358,1.0,277.843,281.22,0.2,1.272,82.863,79.569,81.071,269.489,279.445
30.20000000000016,24.077,1.0,253.518,278.417,0.2,3.248,80.027,69.825,76.881,209.293,262.818
30.30000000000016,21.447,0.957,208.238,252.386,0.2,4.726,79.999,61.72,75.241,186.406,201.648
30.400000000000162,21.09,0.739,191.803,256.473,0.2,11.063,77.805,47.945,65.576,166.531,186.897
30.500000000000163,24.176,0.783,185.279,259.046,0.2,5.259,77.889,61.378,69.102,164.014,178.048
30.600000000000165,7.967,1.0,177.176,199.042,0.2,4.918,76.039,61.854,70.623,162.251,176.003
30.700000000000166,5.448,0.87,176.37,185.056,0.2,8.866,76.106,51.854,66.155,165.032,176.294
30.800000000000168,6.494,0.783,186.78,198.408,0.2,7.74,76.954,52.336,67.87,171.725,188.135
30.90000000000017,5.379,1.0,184.557,197.798,0.2,4.302,77.482,63.441,74.879,179.306,182.311
31.00000000000017,6.223,1.0,179.416,191.579,0.2,4.903,77.411,60.367,73.801,157.166,180.785
31.100000000000172,9.122,0.478,177.41,189.082,0.2,10.567,75.633,44.886,54.944,156.266,181.547
31.200000000000173,4.544,0.522,182.687,189.086,0.2,11.64,71.643,44.804,60.267,174.968,183.957
31.300000000000175,3.239,1.0,181.817,187.618,0.2,3.83,75.076,62.664,71.667,174.374,180.959
31.400000000000176,1.871,1.0,179.894,185.879,0.2,0.427,76.081,74.605,75.266,176.359,179.868
31.500000000000178,4.373,1.0,174.621,180.306,0.2,2.044,76.051,69.594,73.225,167.053,174.851
31.60000000000018,4.514,1.0,167.834,174.701,0.2,3.375,73.604,61.04,69.518,159.403,168.098
31.70000000000018,5.047,0.652,165.485,176.937,0.2,12.147,70.702,32.243,54.341,159.239,165.025
31.800000000000182,3.555,0.652,170.471,177.059,0.2,13.146,72.379,32.088,62.162,164.46,170.935
31.900000000000183,2.894,1.0,174.334,178.831,0.2,2.913,78.448,69.322,74.165,168.429,174.544
32.000000000000185,6.103,1.0,169.442,176.774,0.2,6.228,74.925,60.636,68.043,159.359,172.687
32.100000000000186,5.691,0.783,167.72,175.928,0.2,5.03,72.548,60.46,66.887,158.849,167.342
32.20000000000019,4.619,0.609,168.624,175.388,0.2,2.149,72.574,64.397,70.813,160.431,167.601
32.30000000000019,3.227,1.0,163.838,170.325,0.2,6.613,71.45,49.43,61.37,159.265,164.261
32.40000000000019,1.943,1.0,160.541,165.888,0.2,3.109,65.686,54.751,62.167,158.23,160.025
32.50000000000019,8.961,0.87,167.223,188.877,0.2,9.229,71.381,44.982,60.746,158.445,162.283
32.60000000000019,7.362,1.0,180.476,200.994,0.2,2.892,73.976,63.811,70.838,170.121,179.867
32.700000000000195,4.198,1.0,185.945,194.142,0.2,4.596,77.891,63.657,73.913,177.972,186.153
32.800000000000196,12.278,1.0,198.786,220.472,0.2,2.04,81.278,74.936,77.564,184.956,195.196
32.9000000000002,8.063,0.652,213.546,222.038,0.2,13.454,78.905,43.855,63.597,197.66,216.635
33.0000000000002,153.299,0.652,335.354,527.08,0.2,2.961,51.211,38.219,44.886,211.468,216.677
33.1000000000002,-1,0.0,-1,-1,0.2,1.826,49.35,42.482,45.78,-1,-1
33.2000000000002,59.381,0.391,624.106,677.309,0.2,9.834,44.913,13.503,34.759,543.673,654.103
33.3000000000002,6.946,0.304,206.232,221.14,0.2,26.483,74.68,4.222,35.935,200.944,204.108
33.400000000000205,6.023,0.87,197.975,214.968,0.2,6.375,84.927,61.742,78.431,192.544,194.208
33.500000000000206,3.42,1.0,196.18,202.067,0.2,4.068,84.516,70.39,76.92,191.368,194.104
33.60000000000021,3.678,1.0,196.284,202.186,0.2,1.994,82.707,75.094,79.517,190.977,196.707
33.70000000000021,6.848,1.0,204.397,213.005,0.2,0.716,82.71,80.127,81.67,193.05,204.706
33.80000000000021,2.629,0.783,209.325,212.783,0.2,12.077,82.701,49.884,71.831,204.519,209.247
33.90000000000021,10.331,0.957,197.428,210.628,0.2,8.655,73.786,49.28,60.587,180.87,202.555
34.00000000000021,5.875,0.522,186.004,199.618,0.2,12.946,73.761,35.948,52.952,179.431,184.447
34.100000000000215,5.092,0.696,187.06,198.42,0.2,14.044,76.638,36.041,67.881,179.048,185.138
34.200000000000216,4.136,1.0,188.634,193.417,0.2,1.511,76.32,70.265,74.34,179.919,190.965
34.30000000000022,6.659,0.913,184.158,193.351,0.2,6.063,79.008,57.999,69.125,174.381,185.469
34.40000000000022,5.551,0.913,184.419,193.161,0.2,5.999,79.064,57.455,75.487,174.105,185.435
34.50000000000022,3.646,1.0,180.167,186.628,0.2,1.214,78.835,74.668,75.768,175.206,180.2
34.60000000000022,2.949,0.913,174.551,181.082,0.2,6.534,75.404,55.792,70.983,169.101,174.102
34.70000000000022,2.064,0.522,172.422,175.522,0.2,9.692,72.709,43.158,55.497,167.696,172.536
34.800000000000225,10.357,0.609,174.161,200.576,0.2,9.735,73.43,44.52,60.804,163.479,171.034
34.900000000000226,25.748,0.478,159.322,198.774,0.2,5.134,58.789,39.651,51.071,123.626,165.742
35.00000000000023,1.811,0.478,208.325,212.005,0.2,14.4,78.455,39.6,62.659,206.242,208.276
35.10000000000023,6.744,1.0,214.324,226.478,0.2,3.156,79.046,70.567,74.846,206.341,212.188
35.20000000000023,32.043,0.957,211.396,227.041,0.2,7.426,72.522,50.676,66.319,112.303,221.442
35.30000000000023,20.764,0.652,244.558,262.89,0.2,12.59,81.086,50.68,68.317,207.462,257.594
35.40000000000023,3.632,0.957,262.273,265.651,0.2,8.522,80.249,58.097,72.453,254.213,264.354
35.500000000000234,2.778,0.478,263.92,266.023,0.2,6.497,62.632,45.906,52.168,257.023,265.075
35.600000000000236,357.54,0.261,339.583,817.427,0.2,5.39,48.196,32.611,42.522,105.717,111.124
35.70000000000024,30.544,0.478,181.895,200.734,0.2,14.725,73.616,33.354,56.009,118.49,193.2
35.80000000000024,5.571,1.0,198.671,208.137,0.2,4.235,80.462,66.97,74.161,187.077,199.873
35.90000000000024,20.795,1.0,224.099,253.69,0.2,4.028,81.96,69.194,76.366,196.68,224.407
36.00000000000024,4.522,1.0,244.358,254.565,0.2,4.804,81.937,66.474,75.194,234.938,243.857
36.10000000000024,3.887,1.0,241.419,254.41,0.2,4.276,80.849,67.757,74.151,236.613,240.785
36.200000000000244,5.154,1.0,234.689,242.108,0.2,3.918,80.108,71.061,75.752,226.156,235.453
36.300000000000246,2.945,1.0,227.573,233.254,0.2,2.23,80.12,71.61,78.465,220.421,227.67
36.40000000000025,4.671,1.0,230.399,236.415,0.2,5.136,85.22,70.15,79.783,220.504,228.729
36.50000000000025,1.877,1.0,233.179,236.386,0.2,1.105,85.183,81.893,83.581,229.976,233.14
36.60000000000025,6.464,1.0,237.325,248.826,0.2,5.7,82.71,65.071,78.71,229.84,234.741
36.70000000000025,183.003,0.609,335.786,710.194,0.2,9.879,78.611,47.056,62.207,238.919,244.97
36.80000000000025,276.944,0.652,441.827,792.977,0.2,8.939,78.002,48.1,70.385,182.962,203.713
36.900000000000254,8.058,0.391,192.413,203.854,0.2,13.15,77.177,39.999,56.496,182.854,190.044
37.000000000000256,2.596,0.522,226.46,230.329,0.2,18.207,81.723,39.757,64.275,223.123,225.996
37.10000000000026,5.509,1.0,221.79,230.174,0.2,3.805,84.172,71.577,79.674,206.134,222.793
37.20000000000026,3.269,0.522,218.396,222.316,0.2,12.467,77.033,44.445,59.828,211.431,218.87
37.30000000000026,4.293,0.565,229.198,236.887,0.2,14.355,78.689,43.903,67.08,225.149,226.9
37.40000000000026,5.837,0.957,227.129,237.435,0.2,9.566,78.158,51.607,69.85,214.264,227.7
37.50000000000026,5.926,0.435,223.217,232.455,0.2,8.197,63.219,35.635,48.556,216.023,220.574
37.600000000000264,30.31,0.652,177.056,200.245,0.2,8.052,75.818,43.582,59.006,101.221,185.254
37.700000000000266,4.258,1.0,190.117,199.042,0.2,7.053,81.113,60.479,74.103,179.338,190.184
37.80000000000027,4.308,1.0,194.244,199.893,0.2,3.886,78.624,62.863,71.354,186.086,193.708
37.90000000000027,4.652,0.609,198.666,208.435,0.2,8.236,73.398,47.025,58.832,191.248,198.019
38.00000000000027,241.052,0.478,318.113,807.792,0.2,11.709,76.713,46.951,58.193,199.513,206.89
38.10000000000027,8.991,0.913,198.18,223.445,0.2,2.816,81.101,69.198,76.857,184.141,198.56
38.20000000000027,14.454,1.0,176.981,195.499,0.2,1.632,82.591,77.381,79.826,149.394,180.368
38.300000000000274,7.844,0.783,157.416,170.26,0.2,9.383,79.341,53.03,69.835,144.146,155.242
38.400000000000276,4.203,0.304,148.487,155.404,0.2,9.012,61.608,30.273,46.968,144.338,146.411
38.50000000000028,187.997,0.304,302.047,534.934,0.2,20.734,73.528,14.408,43.513,151.136,152.877
38.60000000000028,3.513,0.478,150.159,153.991,0.2,12.664,73.642,34.313,56.251,143.813,151.485
38.70000000000028,0.954,0.174,144.364,145.714,0.2,14.579,48.718,6.648,22.557,143.581,144.053
38.80000000000028,6.95,0.261,738.307,741.906,0.2,18.223,51.106,6.582,30.417,724.188,741.278
38.90000000000028,5.281,0.304,738.404,743.136,0.2,1.528,54.056,48.652,50.996,727.753,740.609
39.000000000000284,177.079,0.435,635.697,758.555,0.2,10.208,50.828,16.518,42.444,375.758,741.99
39.100000000000286,7.954,0.391,241.649,261.646,0.2,24.533,77.237,8.989,44.477,234.8,239.658
39.20000000000029,5.687,0.957,244.112,256.191,0.2,5.036,84.564,69.038,79.838,232.543,242.961
39.30000000000029,10.078,1.0,254.926,272.047,0.2,4.741,84.359,69.265,76.745,239.655,253.256
39.40000000000029,6.591,1.0,269.047,276.067,0.2,4.878,85.494,70.261,78.98,250.43,271.351
39.50000000000029,4.193,1.0,268.915,276.089,0.2,3.871,86.335,72.926,82.614,262.884,268.362
39.60000000000029,2.834,0.783,264.311,269.68,0.2,11.209,82.579,47.026,67.479,257.798,263.909
39.700000000000294,4.677,0.652,260.288,264.8,0.2,16.818,84.706,38.978,64.998,251.538,262.905
39.800000000000296,7.661,1.0,254.575,264.317,0.2,3.875,84.68,72.248,78.837,239.491,257.483
39.9000000000003,14.653,1.0,233.72,259.863,0.2,2.382,76.9,68.3,71.515,215.271,229.153
40.0000000000003,2.153,1.0,220.329,224.386,0.2,6.52,84.558,68.458,78.865,215.391,220.506
40.1000000000003,0.932,1.0,220.6,221.779,0.2,0.969,84.547,82.032,82.97,218.816,220.61
40.2000000000003,2.148,1.0,218.758,221.802,0.2,0.472,83.065,81.472,82.178,215.641,218.084
40.3000000000003,2.581,1.0,217.805,222.655,0.2,1.837,83.088,77.801,80.853,214.205,216.976
40.400000000000304,6.803,1.0,225.538,240.151,0.2,3.734,79.819,67.507,76.912,215.922,224.596
40.500000000000306,6.618,0.739,231.841,240.226,0.2,6.517,77.845,60.068,68.09,219.025,231.459
40.60000000000031,38.508,0.304,268.227,316.1,0.2,3.193,67.116,53.197,59.764,234.071,240.15
40.70000000000031,7.355,0.696,295.65,317.884,0.2,10.344,80.708,52.479,71.952,287.072,293.73
40.80000000000031,6.261,1.0,285.247,294.358,0.2,1.387,80.861,76.547,78.713,277.725,283.275
40.90000000000031,4.777,1.0,275.183,283.695,0.2,0.7,78.59,76.09,77.282,269.386,274.766
41.00000000000031,3.62,1.0,273.853,281.365,0.2,2.777,85.491,77.311,81.21,269.505,274.289
41.100000000000314,10.717,1.0,286.453,305.322,0.2,3.784,83.034,70.819,78.427,273.465,284.588
41.200000000000315,6.224,0.522,297.412,305.557,0.2,13.614,75.604,38.213,57.918,286.184,298.02
41.30000000000032,182.409,0.913,442.197,655.233,0.2,3.208,47.442,34.716,39.171,100.901,315.374
41.40000000000032,243.575,0.913,270.998,656.188,0.2,7.221,42.388,21.164,35.249,100.851,124.527
41.50000000000032,15.015,0.478,129.56,146.676,0.2,6.58,29.891,10.07,17.357,109.959,133.871
41.60000000000032,-1,0.0,-1,-1,0.2,1.579,11.819,6.624,8.947,-1,-1
41.70000000000032,2.769,0.087,246.833,248.791,0.2,21.934,71.98,4.123,18.644,244.874,246.833
41.800000000000324,8.087,0.696,262.886,269.791,0.2,21.397,87.475,16.978,73.797,244.981,265.874
41.900000000000325,1.803,1.0,267.991,271.157,0.2,2.196,86.404,79.037,84.595,264.604,267.692
42.00000000000033,4.153,1.0,264.438,271.223,0.2,2.575,87.666,78.749,84.957,259.73,262.234
42.10000000000033,1.196,1.0,261.165,262.95,0.2,2.826,87.007,76.07,81.06,258.819,260.943
42.20000000000033,2.141,1.0,263.094,266.994,0.2,2.402,82.598,75.83,78.585,259.582,262.566
42.30000000000033,2.561,1.0,263.417,266.977,0.2,2.667,84.167,76.26,79.092,257.326,263.915
42.40000000000033,8.317,1.0,254.086,267.122,0.2,1.83,85.796,78.034,83.657,242.758,252.046
42.500000000000334,4.982,0.609,243.564,251.431,0.2,10.556,85.753,56.131,74.71,232.763,244.414
42.600000000000335,3.753,0.391,244.808,253.449,0.2,9.967,78.782,45.792,59.03,240.76,243.941
42.70000000000034,3.693,0.739,243.206,251.182,0.2,8.671,81.459,47.161,72.945,237.052,243.376
42.80000000000034,3.664,1.0,247.151,251.405,0.2,1.446,75.879,71.438,73.447,237.313,248.49
42.90000000000034,2.808,1.0,252.481,257.932,0.2,0.869,76.071,73.096,75.096,248.664,252.589
43.00000000000034,4.983,1.0,259.96,272.023,0.2,4.819,86.211,73.11,79.299,253.82,260.951
43.10000000000034,5.309,1.0,259.344,270.812,0.2,1.799,86.228,80.732,84.208,252.686,259.755
43.200000000000344,2.762,1.0,252.076,256.536,0.2,1.02,83.14,79.83,80.921,244.145,252.757
43.300000000000345,2.937,0.913,247.728,252.534,0.2,9.8,80.896,53.98,70.914,241.99,247.822
43.40000000000035,8.992,0.696,236.952,248.236,0.2,11.522,79.208,47.483,64.592,223.85,234.256
43.50000000000035,4.317,1.0,231.644,244.957,0.2,1.401,80.275,74.629,77.332,225.654,230.265
43.60000000000035,5.616,0.957,229.168,237.772,0.2,7.041,83.682,62.21,77.332,218.642,229.441
43.70000000000035,3.313,0.478,224.306,230.595,0.2,11.894,80.514,38.751,57.964,217.709,223.446
43.80000000000035,5.008,0.652,230.347,238.408,0.2,14.791,82.973,40.371,71.466,220.644,230.751
43.900000000000354,5.289,1.0,232.755,239.094,0.2,2.703,81.335,70.49,77.679,220.885,234.482
44.000000000000355,5.045,1.0,232.878,244.579,0.2,2.362,82.617,74.608,77.92,227.142,231.217
44.10000000000036,8.458,0.783,238.758,252.143,0.2,7.125,83.028,64.297,74.92,227.692,238.903
44.20000000000036,17.002,0.478,264.256,283.766,0.2,8.238,83.658,55.147,68.004,235.975,272.603
44.30000000000036,2.573,0.87,276.486,283.662,0.2,4.65,85.157,66.728,82.526,272.375,276.592
44.40000000000036,1.099,1.0,278.312,280.619,0.2,0.58,84.647,82.463,83.328,276.373,278.284
44.50000000000036,7.952,1.0,285.666,302.321,0.2,3.818,83.061,70.244,79.327,273.338,280.495
44.600000000000364,3.836,0.783,292.42,297.661,0.2,9.779,80.766,52.582,63.557,281.147,293.203
44.700000000000365,7.031,0.217,292.765,297.52,0.2,5.702,55.646,39.045,47.443,280.415,294.735
44.80000000000037,-1,0.0,-1,-1,0.2,9.893,43.254,13.572,29.654,-1,-1
44.90000000000037,5.636,0.435,111.264,118.908,0.2,26.721,76.291,13.165,48.352,104.122,111.744
45.00000000000037,57.657,1.0,202.9,239.275,0.2,4.4,85.466,73.715,80.056,104.004,235.779
45.10000000000037,3.661,0.913,239.661,248.923,0.2,9.587,85.538,57.435,72.678,233.126,238.606
45.20000000000037,5.614,1.0,238.03,248.408,0.2,6.649,78.807,59.484,70.071,227.897,238.056
45.300000000000374,8.996,1.0,242.1,259.951,0.2,8.197,82.84,58.88,72.956,227.531,242.53
45.400000000000375,4.477,1.0,241.156,251.91,0.2,8.671,84.639,59.844,76.537,233.341,240.8
45.50000000000038,8.693,0.783,246.251,259.139,0.2,9.525,79.87,53.429,69.183,233.215,244.864
45.60000000000038,7.405,1.0,246.765,259.059,0.2,2.304,83.543,75.356,79.904,235.572,246.849
45.70000000000038,5.32,1.0,236.539,251.586,0.2,1.447,83.524,77.801,82.269,229.409,235.56
45.80000000000038,2.827,0.609,233.79,238.271,0.2,13.674,82.226,45.601,63.866,228.931,233.455
45.90000000000038,9.914,0.739,242.265,268.506,0.2,12.714,78.576,45.557,66.519,226.167,241.876
46.000000000000384,6.012,1.0,235.773,246.377,0.2,5.47,80.041,64.938,73.44,226.875,235.954
46.100000000000385,6.196,1.0,229.085,240.975,0.2,1.473,80.048,75.841,77.305,219.364,228.98
46.20000000000039,8.511,0.913,222.465,232.852,0.2,8.258,76.881,56.376,67.58,199.007,223.103
46.30000000000039,8.989,1.0,213.949,233.124,0.2,7.311,71.318,50.382,63.185,199.967,212.981
46.40000000000039,12.601,0.826,222.541,248.539,0.2,11.854,76.744,45.001,63.834,206.358,226.825
46.50000000000039,6.65,1.0,227.311,239.363,0.2,3.788,80.484,68.713,75.689,213.207,227.587
46.60000000000039,10.343,1.0,232.961,245.43,0.2,4.654,81.959,68.81,76.5,213.441,237.282
46.700000000000394,3.545,1.0,239.031,245.423,0.2,2.423,84.471,76.447,82.397,232.875,239.068
46.800000000000395,2.006,1.0,235.326,240.027,0.2,1.168,84.258,80.755,82.677,232.786,234.926
46.9000000000004,2.368,1.0,235.567,239.328,0.2,8.734,81.886,57.421,74.619,228.857,235.498
47.0000000000004,4.941,1.0,232.182,240.823,0.2,6.532,72.263,53.293,65.928,224.985,231.673
47.1000000000004,6.437,0.913,222.959,231.003,0.2,9.454,72.274,46.407,63.294,208.273,224.693
47.2000000000004,11.134,0.565,227.484,236.541,0.2,13.616,74.535,38.466,58.264,208.283,234.964
47.3000000000004,2.158,0.913,236.791,241.604,0.2,2.55,81.413,73.208,76.369,233.944,235.897
47.400000000000404,2.462,1.0,237.776,242.754,0.2,4.59,84.022,67.825,79.122,234.658,237.681
47.500000000000405,1.863,1.0,236.352,239.766,0.2,1.457,84.035,80.278,81.892,233.916,235.67
47.600000000000406,3.509,1.0,238.326,242.75,0.2,4.046,80.702,65.699,77.767,228.277,239.26
47.70000000000041,3.515,0.696,240.599,244.047,0.2,10.835,77.219,45.274,58.768,231.544,241.66
47.80000000000041,176.834,0.696,340.681,537.32,0.2,7.852,68.144,45.411,55.683,105.367,243.719
47.90000000000041,210.199,0.739,253.606,536.321,0.2,8.81,73.738,46.986,67.399,101.451,103.748
48.00000000000041,2.009,1.0,204.175,207.96,0.2,1.992,77.581,72.145,75.009,200.895,204.136
48.10000000000041,1.201,1.0,202.79,206.353,0.2,2.816,76.904,69.804,73.85,200.946,202.597
48.200000000000415,1.654,1.0,203.543,206.797,0.2,2.885,77.183,69.869,74.328,201.623,203.256
48.300000000000416,2.93,1.0,205.855,210.712,0.2,1.825,81.572,76.746,78.552,201.615,206.801
48.40000000000042,1.331,1.0,209.647,211.402,0.2,1.157,83.785,80.162,82.392,207.317,209.781
48.50000000000042,2.451,1.0,208.508,211.181,0.2,0.796,83.773,81.278,82.358,202.035,209.495
48.60000000000042,4.179,1.0,202.398,209.922,0.2,3.54,81.994,72.127,78.805,195.255,201.703
48.70000000000042,1.143,1.0,198.308,200.689,0.2,1.297,77.226,72.11,73.219,195.674,198.552
48.80000000000042,4.851,1.0,193.899,198.884,0.2,1.701,76.745,72.047,73.559,183.748,195.662
48.900000000000425,5.707,1.0,183.903,196.279,0.2,0.881,76.75,73.781,75.707,178.375,181.398
49.000000000000426,1.683,1.0,180.458,183.791,0.2,0.871,75.616,72.926,74.626,178.17,180.238
49.10000000000043,6.921,1.0,181.24,203.753,0.2,5.629,75.791,56.788,69.537,169.378,180.384
49.20000000000043,7.757,1.0,183.258,197.444,0.2,6.426,76.644,57.74,68.541,166.858,182.398
49.30000000000043,8.313,0.957,191.608,200.493,0.2,6.949,78.921,56.759,68.269,178.902,195.52
49.40000000000043,46.014,0.478,223.818,303.167,0.2,10.902,68.337,37.298,51.704,192.97,197.901
49.50000000000043,11.346,0.739,288.73,328.461,0.2,14.222,79.792,37.22,68.378,278.285,287.25
49.600000000000435,7.649,1.0,277.582,287.509,0.2,4.64,79.386,61.295,72.376,261.107,280.112
49.700000000000436,15.391,0.696,280.694,312.362,0.2,12.381,81.226,41.468,61.162,260.201,276.279
49.80000000000044,81.857,0.826,201.548,306.884,0.2,8.085,81.998,49.924,77.197,102.994,142.943
49.90000000000044,254.735,0.565,368.278,642.581,0.2,13.579,79.467,43.788,65.675,139.337,142.789
50.00000000000044,33.908,0.696,215.818,240.545,0.2,10.323,72.852,44.096,63.985,156.764,232.5
50.10000000000044,7.649,1.0,227.458,240.242,0.2,5.444,76.593,59.243,70.076,206.927,228.588
50.20000000000044,8.722,1.0,218.779,233.87,0.2,7.949,76.721,56.229,67.885,194.445,221.46
50.300000000000445,12.611,1.0,227.023,238.332,0.2,10.366,82.398,56.487,71.802,194.842,232.861
50.400000000000446,4.612,0.87,235.59,244.62,0.2,9.415,82.385,52.405,69.686,226.129,237.017
50.50000000000045,8.327,0.87,241.062,251.602,0.2,11.296,82.478,50.918,71.25,226.05,244.692
50.60000000000045,54.615,0.913,260.896,498.228,0.2,9.051,82.479,52.597,73.885,243.901,246.823
50.70000000000045,4.179,0.609,249.518,258.393,0.2,18.007,69.342,12.682,46.638,242.049,249.092
50.80000000000045,37.819,0.435,288.866,328.265,0.2,15.323,54.312,9.84,29.8,243.843,310.535
50.90000000000045,4.616,0.217,315.368,321.708,0.2,14.4,54.17,11.791,23.189,309.33,316.272
51.000000000000455,39.084,0.391,234.459,316.046,0.2,23.746,71.773,11.764,37.958,202.621,215.903
51.100000000000456,6.179,0.87,206.543,216.746,0.2,6.734,80.306,60.314,71.471,199.281,203.415
51.20000000000046,24.037,0.87,228.33,257.679,0.2,8.021,79.42,54.991,68.962,198.927,232.763
51.30000000000046,5.961,1.0,255.472,262.741,0.2,5.311,86.267,71.197,78.435,237.759,256.609
51.40000000000046,5.736,0.783,257.946,269.778,0.2,9.051,83.008,52.348,68.092,248.873,256.798
51.50000000000046,7.531,0.696,256.308,272.686,0.2,9.739,83.063,53.487,70.417,246.082,253.897
51.60000000000046,7.734,0.478,254.653,271.844,0.2,13.72,74.496,26.046,50.727,246.098,251.886
51.700000000000465,6.584,0.696,254.064,267.773,0.2,16.741,80.198,27.312,66.75,242.444,252.204
51.800000000000466,121.293,0.696,332.311,540.63,0.2,13.405,74.851,39.231,60.332,242.104,255.493
51.90000000000047,70.694,0.565,276.437,511.311,0.2,18.942,83.516,38.364,63.741,252.521,255.684
52.00000000000047,13.559,1.0,243.171,261.918,0.2,5.483,82.071,65.14,74.041,222.567,246.994
52.10000000000047,8.538,1.0,221.924,242.96,0.2,5.804,79.742,64.924,72.087,211.691,221.154
52.20000000000047,5.184,1.0,218.863,225.352,0.2,3.189,79.738,69.625,76.085,211.097,219.293
52.30000000000047,4.008,1.0,219.966,225.263,0.2,1.855,76.95,71.019,75.498,212.645,220.071
52.400000000000475,3.43,1.0,215.48,223.498,0.2,1.909,76.048,68.962,71.274,211.223,215.792
52.500000000000476,6.488,1.0,222.367,231.07,0.2,2.831,76.537,68.962,72.381,211.218,221.836
52.60000000000048,10.552,1.0,216.132,230.997,0.2,3.242,76.24,67.151,72.397,189.171,216.967
52.70000000000048,9.755,0.435,205.397,214.08,0.2,11.112,70.459,39.404,53.808,180.704,207.823
52.80000000000048,4.953,0.565,154.859,161.659,0.2,9.485,67.921,40.223,56.011,146.62,156.001
52.90000000000048,13.14,0.565,146.839,161.572,0.2,11.161,63.478,27.846,46.788,121.769,151.273
53.00000000000048,7.591,0.522,121.812,131.824,0.2,15.349,48.383,7.309,28.102,100.904,122.805
53.100000000000485,80.875,0.522,712.553,816.485,0.2,3.537,16.876,2.874,10.425,616.733,711.494
53.200000000000486,-1,0.0,-1,-1,0.158,9.876,31.273,2.736,16.566,-1,-1
53.30000000000049,-1,-1,-1,-1,0.058,-1,-1,-1,-1,-1,-1
